{
  "training_history": {
    "loss": [
      0.20984132587909698,
      0.1603374034166336,
      0.15389607846736908,
      0.15276016294956207,
      0.14925773441791534,
      0.1472070962190628,
      0.14653627574443817,
      0.14605019986629486,
      0.1456184834241867,
      0.14636151492595673,
      0.144521564245224,
      0.14391092956066132,
      0.1438572257757187,
      0.14414151012897491,
      0.14258550107479095,
      0.14206495881080627,
      0.14157898724079132,
      0.1414591670036316,
      0.14134396612644196,
      0.1403292566537857
    ],
    "val_loss": [
      0.0953807607293129,
      0.09038841724395752,
      0.0923011377453804,
      0.08983831852674484,
      0.09121768921613693,
      0.08882497996091843,
      0.09156030416488647,
      0.08921350538730621,
      0.09203952550888062,
      0.08378371596336365,
      0.08847629278898239,
      0.09731268137693405,
      0.10317110270261765,
      0.09460285305976868,
      0.087938092648983,
      0.09519102424383163,
      0.08856542408466339,
      0.09444192051887512,
      0.09139277040958405,
      0.09317640215158463
    ],
    "q10_loss": [
      0.054331522434949875,
      0.04158931225538254,
      0.03979479894042015,
      0.03933274373412132,
      0.03849822282791138,
      0.03805812820792198,
      0.03788457065820694,
      0.03781283646821976,
      0.037493746727705,
      0.03752181679010391,
      0.03716380521655083,
      0.037332985550165176,
      0.03708181157708168,
      0.03702903911471367,
      0.03685794398188591,
      0.03654181584715843,
      0.03633549436926842,
      0.036386638879776,
      0.03627271577715874,
      0.03601948544383049
    ],
    "q50_loss": [
      0.10219717025756836,
      0.07887119054794312,
      0.0758645236492157,
      0.07551807165145874,
      0.07369830459356308,
      0.07281199842691422,
      0.07249701023101807,
      0.07215786725282669,
      0.07216586172580719,
      0.07274758815765381,
      0.07154549658298492,
      0.07121964544057846,
      0.07141278684139252,
      0.0716395229101181,
      0.07068449258804321,
      0.07062177360057831,
      0.07037214189767838,
      0.07030365616083145,
      0.0701087936758995,
      0.06975217163562775
    ],
    "q90_loss": [
      0.0532824881374836,
      0.03986131399869919,
      0.03823918104171753,
      0.03790260851383209,
      0.03707250580191612,
      0.03632288798689842,
      0.03615246340632439,
      0.0360846184194088,
      0.03595523163676262,
      0.03609221801161766,
      0.03579230234026909,
      0.035339873284101486,
      0.03537053242325783,
      0.03546092286705971,
      0.03505450487136841,
      0.03489692881703377,
      0.03486701846122742,
      0.03476932272315025,
      0.03494877740740776,
      0.0345500111579895
    ]
  },
  "evaluation_metrics": {
    "q10": {
      "rmse": 0.4177366406462791,
      "mae": 0.20005202202437405,
      "mape": 209.75797953627438,
      "r2": 0.7134373552039948
    },
    "q50": {
      "rmse": 0.3104717255455591,
      "mae": 0.13181265178537271,
      "mape": 155.3742637341839,
      "r2": 0.8417081525738409
    },
    "q90": {
      "rmse": 0.4564734222466301,
      "mae": 0.22819478631144072,
      "mape": 339.0141506382773,
      "r2": 0.6578272427513193
    }
  },
  "prediction_intervals": {
    "mean_lower_interval": 0.17838606238365173,
    "mean_upper_interval": 0.1931578516960144,
    "mean_total_interval": 0.37154391407966614,
    "median_lower_interval": 0.11333084106445312,
    "median_upper_interval": 0.12095236778259277,
    "median_total_interval": 0.23339402675628662
  },
  "model_config": {
    "seq_len": 30,
    "epochs": 20,
    "batch_size": 256,
    "scaler_type": "coin_specific_robust",
    "lookback_window": "730_days"
  }
}